{
    "shapley_values": {
        "A1": 0.05044826211167336,
        "A2": -1.0894846223430499,
        "A3": -0.08946503139817547,
        "A4": -0.9682814930634133,
        "A5": 0.08984207397490704,
        "A6": -1.6259092056511206,
        "A7": 0.6570310970003761,
        "A8": 5.0372478936148255,
        "A9": -2.2657635168781756,
        "A10": -0.10777356337509206,
        "A11": 0.6678732121249333,
        "A12": -0.007989929410481319,
        "A13": -1.2628621306057273,
        "A14": 0.7001937661426625,
        "A15": 0.770287675551545,
        "A16": -1.0132367672622418,
        "A17": -1.27077081233155,
        "A18": 0.998451258946332,
        "A19": -0.15485358853497308,
        "A20": 0.22527816323436886,
        "A21": 1.4681619948435753,
        "A22": 1.2588982645713482,
        "A23": -1.0283529529450381,
        "A24": -0.6203789094038807,
        "A25": 1.3853062272214796,
        "A26": -1.8218294740809748,
        "A27": -1.2648415488440323,
        "A28": -0.6063980300868886,
        "A29": 0.13981787762796952,
        "A30": 0.4466267973148227,
        "A31": 0.26090720773577153,
        "A32": 0.27779444439566103,
        "A33": -3.7455457017003533,
        "A34": 0.0724518065166425,
        "A35": 0.3614321923948783,
        "A36": -0.17701396331377725,
        "A37": 0.4985084761338879,
        "A38": 1.1097366024309214,
        "A39": -1.4161682924584238,
        "A40": 1.162392192970973,
        "A41": 0.272147378790942,
        "A42": -0.4734197446799103,
        "A43": -0.2762511538033143,
        "A44": 0.23458221589015354,
        "A45": 0.3322584750803598,
        "A46": 0.23755728247493954,
        "A47": -0.8791324327777346,
        "A48": 0.28160326473590297,
        "A49": -0.38435768159327577,
        "A50": 0.46354696964330405,
        "A51": -0.4018246680806835,
        "A52": 0.14910125235718916,
        "A53": 0.4430433923667181,
        "A54": 0.37738019519906696,
        "A55": 0.6474068392535853,
        "A56": 0.8461609047832155,
        "A57": 0.38976722903822,
        "A58": -0.5349339346775057,
        "A59": 0.9887591210091928,
        "A60": -1.0692729046667353,
        "A61": 0.22296303659152114,
        "A62": 0.001298162014990222,
        "A63": -1.1701591400177433,
        "A64": 1.0289343774991149
    },
    "test accuracy": -1.318489189985753,
    "model used": "Linear Regression"
}