{
    "shapley_values_iterative": {
        "roi_1": 1.0587314149919667,
        "roi_2": 0.5147244943298501,
        "roi_3": 1.05828223777012,
        "roi_4": 0.5936500288301081,
        "roi_5": 0.6109553792157365,
        "roi_6": 0.6094611927318426,
        "roi_7": 0.21987611849291608,
        "roi_8": 0.41009415584945863,
        "roi_12": 0.5815798380815314,
        "roi_13": 0.4033266162317699,
        "roi_15": 0.43990155340374837,
        "roi_17": 0.15743261163951625,
        "roi_18": 0.3249424600896052,
        "roi_20": 0.6831926308833545,
        "roi_21": 0.23273940060836304,
        "roi_23": 0.7717052410238959,
        "roi_25": 0.4421259465022816,
        "rob": 0.046620113193806614
    },
    "shapley_values_iterative_standard_deviation": {
        "roi_1": 0.19952311057855515,
        "roi_2": 0.12896747613416076,
        "roi_3": 0.1698827251290855,
        "roi_4": 0.12263466885014683,
        "roi_5": 0.12487094280565031,
        "roi_6": 0.13119057943354404,
        "roi_7": 0.12963146175652523,
        "roi_8": 0.09724020125039855,
        "roi_12": 0.16686430103191216,
        "roi_13": 0.08261821694417366,
        "roi_15": 0.10326506007825055,
        "roi_17": 0.12694522420942705,
        "roi_18": 0.11878390070375672,
        "roi_20": 0.10930005677550403,
        "roi_21": 0.08716555670490404,
        "roi_23": 0.15349327068271987,
        "roi_25": 0.15999201526951073,
        "rob": 0.10400077199914921
    },
    "Rest of Brain": [
        "roi_10",
        "roi_16",
        "roi_24",
        "roi_11",
        "roi_14",
        "roi_19",
        "roi_22",
        "roi_9"
    ],
    "accuracy": 0.24666666666666667,
    "f1": 0.1663882827698617,
    "model used": "Support Vector Regressor",
    "model_params": {
        "C": 1.726077328013118,
        "degree": 3,
        "gamma": "auto",
        "kernel": "sigmoid"
    }
}