{"shapley values": [0.09265858124338976, -1.165032425339179, 0.029069789452029347, -0.5169737322927929, -0.9300148930095641, -1.4586763108320058, 3.3737686106199636, 0.9260051517175847, -1.087129813008986, 0.6715132244245801, -2.6364288702897443, 0.04364419223777425, -0.5867634272169768, 0.5640664864336852, 0.6527333398364064, 1.3696942492612694, -0.1978363246852398, 0.7765462210433852, 0.32249628579828604, -0.5141031919201308, -0.5527435433967235, 1.3739198398583428, 1.0833049718446057, -2.727435383357022, 1.0535144862600347, -1.8823083268964687, 0.5588859707189633, -0.14025822793183063, -1.5043295229294618, -0.4339145084981254, 0.44722041849429084, 1.1773241440005902, -2.247413414831364, 0.5794774292517958, 0.6284081511623649, -0.8495210354247053, 0.7108069205664691, 0.8594119286784611, -1.456266878238396, 0.2678712563651745, -0.12546346166992395, -0.328132143661234, -0.2820971780664394, 0.5434952995711372, 0.776130798262127, -0.46433803240088245, -0.33041928175406493, -0.29618009556693375, -0.1571244705759665, 0.38500546014164416, -0.802576961526152, -0.06569292306938918, 1.4883852734933738, 0.48577997491832026, 0.7322254454949519, 1.160013165085964, 0.6287724497703399, -0.3755502298525392, 0.7388961743607065, -0.23745056820679156, -0.045213043988971344, -0.46395498617871567, -1.377690768566674, 0.3522170895695545], "elements": ["A1", "A2", "A3", "A4", "A5", "A6", "A7", "A8", "A9", "A10", "A11", "A12", "A13", "A14", "A15", "A16", "A17", "A18", "A19", "A20", "A21", "A22", "A23", "A24", "A25", "A26", "A27", "A28", "A29", "A30", "A31", "A32", "A33", "A34", "A35", "A36", "A37", "A38", "A39", "A40", "A41", "A42", "A43", "A44", "A45", "A46", "A47", "A48", "A49", "A50", "A51", "A52", "A53", "A54", "A55", "A56", "A57", "A58", "A59", "A60", "A61", "A62", "A63", "A64"], "test accuracy": -0.799987326829241, "model used": "Linear Regression"}