{
    "shapley_values": {
        "SFG_R_7_4": 0.29164949633699616,
        "SFG_R_7_5": 0.5576529561842367,
        "MFG_R_7_2": 0.03532986111111107,
        "MFG_R_7_4": 0.0,
        "IFG_R_6_2": -0.044642857142857116,
        "IFG_R_6_3": 0.0,
        "IFG_R_6_4": 0.0,
        "IFG_R_6_5": -0.006107954545454497,
        "IFG_R_6_6": -0.005570652173913037,
        "OrG_R_6_3": 0.24858455882352953,
        "OrG_R_6_6": 0.0184548611111111,
        "PrG_R_6_1": -0.05016850849929004,
        "PrG_R_6_2": 0.017853881278538798,
        "PrG_R_6_3": -0.003125,
        "PrG_R_6_4": 0.06057518115942025,
        "PrG_R_6_5": 0.0,
        "PrG_R_6_6": 0.0,
        "PCL_R_2_1": 0.21179654829717132,
        "PCL_R_2_2": 0.07024456521739138,
        "STG_R_6_2": 0.006944444444444508,
        "STG_R_6_3": 0.03381211180124224,
        "STG_R_6_5": -0.02749999999999999,
        "STG_R_6_6": 0.0125,
        "MTG_R_4_4": 0.0,
        "IPL_R_6_3": 0.0,
        "IPL_R_6_4": -0.12562500000000015,
        "IPL_R_6_6": 0.0439434523809523,
        "PoG_R_4_1": 0.0,
        "PoG_R_4_2": -0.029561011904761725,
        "PoG_R_4_3": 0.15421052631578921,
        "INS_R_6_1": -0.0021034566943589628,
        "INS_R_6_2": 0.0,
        "INS_R_6_3": -0.005263573232323226,
        "INS_R_6_4": 0.04427083333333335,
        "INS_R_6_5": 0.0,
        "INS_R_6_6": 0.01875,
        "CG_R_7_6": 0.07342913858587238,
        "Amyg_R_2_2": 0.12362073996265169,
        "Str_R_6_1": 0.12964887920050944,
        "Str_R_6_2": 0.564980618839729,
        "Str_R_6_3": 0.012890625,
        "Str_R_6_4": 0.13096193989305122,
        "Str_R_6_5": 0.13250000000000006,
        "Str_R_6_6": 0.04298709668954226,
        "Tha_R_8_1": 0.1092708333333332,
        "Tha_R_8_2": 0.17357229123533457,
        "Tha_R_8_3": -0.020367820150659167,
        "Tha_R_8_5": -0.06839587355212351,
        "Tha_R_8_6": 0.1175520833333334,
        "Tha_R_8_8": 0.20248545376451332,
        "body corp call": 0.02608108108108107,
        "cerebr pedun R": 0.05373788349331834,
        "ant limb int caps R": 0.1460097674198138,
        "post limb int caps R": -0.03296321733821737,
        "retrolent int caps R": 0.009062500000000018,
        "ant cor rad R": 0.15970251685148953,
        "sup cor rad R": 0.23643013016610145,
        "post cor rad R": -0.011519188044124329,
        "ext caps R": 0.07990021008403356,
        "fnx cresR": 0.009375,
        "sup long fasc R": -0.009166666666666634,
        "sup fr occ fascR": 0.25393102621483365,
        "unci fasc R": -0.033755853716498474,
        "rob": 0.0962499999999999
    },
    "accuracy": 0.20625,
    "f1": 0.0985001530456076,
    "model used": "Random Forest Regressor",
    "model_params": {
        "bootstrap": false,
        "max_depth": 4,
        "max_features": "log2",
        "min_samples_leaf": 1,
        "min_samples_split": 7,
        "n_estimators": 16
    }
}