{
    "shapley_values_iterative": {
        "roi_1": 0.6186393276002129,
        "roi_2": 0.3889606335542845,
        "roi_3": 0.6726721601590817,
        "roi_4": 0.3823162117504158,
        "roi_5": 0.4077448029975077,
        "roi_6": 0.39026455805110777,
        "roi_7": 0.30885396434000095,
        "roi_8": 0.2185054835145018,
        "roi_9": 0.20052416003070744,
        "roi_12": 0.3651108582592368,
        "roi_13": 0.21675396803839328,
        "roi_15": 0.253407552244267,
        "roi_17": 0.2629570518238792,
        "roi_18": 0.19849849780311252,
        "roi_20": 0.37015850247220566,
        "roi_21": 0.3031208403573936,
        "roi_22": 0.12738903436171367,
        "roi_23": 0.488313522890291,
        "roi_25": 0.3228348091838998,
        "rob": 0.05391512783948089
    },
    "shapley_values_iterative_standard_deviation": {
        "roi_1": 0.4628524655804363,
        "roi_2": 0.3069944005035718,
        "roi_3": 0.4908502689117377,
        "roi_4": 0.277280303684791,
        "roi_5": 0.3203484025852429,
        "roi_6": 0.29975022733155726,
        "roi_7": 0.2447288522799969,
        "roi_8": 0.1885412399176738,
        "roi_9": 0.1827236170020348,
        "roi_12": 0.2956441619054445,
        "roi_13": 0.18023370866359928,
        "roi_15": 0.20658925382752716,
        "roi_17": 0.22291224018301517,
        "roi_18": 0.17987270770929978,
        "roi_20": 0.285633557977781,
        "roi_21": 0.25365261720600296,
        "roi_22": 0.1339338882235745,
        "roi_23": 0.3796798800938109,
        "roi_25": 0.26707645341773945,
        "rob": 0.08921357511810511
    },
    "Rest of Brain": [
        "roi_10",
        "roi_16",
        "roi_19",
        "roi_24",
        "roi_11",
        "roi_14"
    ],
    "accuracy": 0.2866666666666667,
    "f1": 0.24371827467065563,
    "r2": 0.20888243157257813,
    "model used": "Support Vector Regressor",
    "model_params": {
        "C": 1.858272583647178,
        "degree": 2,
        "gamma": "auto",
        "kernel": "poly"
    }
}